{
    "loss": 11.55191707611084,
    "accuracy": 0.8314453959465027
}