{
    "loss": 5.313146591186523,
    "accuracy": 0.5844748616218567
}